SAG T1BRAVO,565686
DIFUSAO,492234
Sag T2 CUBE,397178
cs_rSAG T1 3D TFE,357680
3D_Brain_VIEW_T2,309036
cs_T1W_3D_TFE,298230
SAG_T1_1mm,219304
SAGITAL T1 FS 3D,212416
Sag T1 3D PRE FAT,206728
Sag T1 3D POS FAT,204204
SAG T2 3D Brain VIEW,197524
cs_rSAG T1 3D TFE gd,187068
SAG T1 3D TFE GRE,182118
SWIp_fast,153684
SAG T1 3D TFE fs GRE,142403
Ax 3D SWAN,134816
SAG T1 3D POS,133956
Processed Images,131130
DIFUSAO 3mm,121480
AXI T1,107037
SWI,105866
SAG T1 3D PRE,100336
SAG T1 BRAVO,94568
COR T1,94302
dADC,93875
SAGITAL T2 3D,87648
cs_AXI FLAIR BrainView,82174
Survey,77401
sPhase,75112
SAG FLAIR 3D_Brain_VIEW,73964
Difusao,73393
VSWIp mMIP,72540
Ax DWI,69947
mMIP SWI HR,69875
cs_T1 3D_BrainVIEW_BB,65872
Apparent Diffusion Coefficient (mm2/s),64772
sB 1000,61311
sB 0,61241
rSAG T1 3D TFE,58211
AX,57208
SWI_Images,56464
SAG T1 BRAVO POS,55440
Sag CUBE T2,54716
Pha_Images,54184
Mag_Images,54116
mIP_Images(SW),50109
SAG T1,49202
AXIAL DIFUSAO_TRACEW,47668
COR T2 3D MPR,45600
Exponential Apparent Diffusion Coefficient,44930
cs_SWI,44276
CS -SAG T1 3D TFE fs GRE,41048
cs_SAG T2 3D Brain VIEW,40394
Sag FLAIR CUBE,40334
AX T2,39686
cs_3D_Brain_VIEW_FLAIR,38868
Ax 3D FIESTA,38676
AXI T2 FLAIR,38244
AXI T1 FILME,37423
Localizer,36740
Ax T2 FLAIR,36610
cs_AXI FLAIR,35416
cs_SAG T1 3D TFE,35100
Ax SWI,34482
AXIAL_FLAIR,33880
AXIAL T1,33869
LOCALIZER,33783
DIFUSAO_ADC,32741
sb1000,32717
DIFUSAO_TRACEW,32716
sb0,32386
AXIAL T2 GRADIENTE,31768
COR,31593
AXIAL T2 FAT,31401
COR  T2,31310
ASSET calibration,28900
cs_AXI T2,28797
cs_AXI GRE,27890
COR  T1 TFE,27600
AX T1 TFE,27600
Cor T2 FSE,26976
Ax T2 FS,26423
AXI T2 3D DRIVE,25676
AXIAL DIFUSAO_ADC,23834
AXI FLAIR,22050
CORONAL T2 5M,21359
cs_COR STIR,21262
Ax T1 SE+C,20920
AX FLAIR,20837
COR  FLAIR,20400
SAG T2 3D FLAIR ISO,20320
Ax T2* GRE,19938
AXIAL T2 DARK FLUID,19115
COR T2,18929
Ax 3D FIESTA 0.6mm,18412
rSAG T1 3D TFE pos,18389
AX SWI,18224
T1 3D FSPGR POS,17800
LOC_HASTE,17435
cs AXI FLAIR,17379
cs_COR T2,17374
AX SWI HR mMIP,17250
cs_AXI T2 3D DRIVE,16448
cs_SAG T1 3D TSE,16078
SAGITAL TI FS 3D,15600
AAHead_Scout,15483
COR STIR_3mm,15432
cs_AXI T1 GD,15431
ANGIO_ARTERIAL_TOF_3D,14456
Sag CUBE flair 3D,14420
Ax T1 SE POS,14344
Sag T1 3D,13864
AXI T2,13793
COR STIR HIPOCAMPO,13419
Sag T1 3D FAT,13072
AXIAL T1 SE,13013
COR  STIR  HIP 40 slices,12969
SAG,12084
SAG POS,11341
AX POS,11108
FLAIR 3D,11024
SAG T1 3D,10988
scs_COR STIR INV,10188
Sag T1 3D POS,10128
AXI T1_SE GD,10053
SAG T1 3D ISO POS,9824
SAGITAL T2 DARK FLUID 3D,9792
Sag T1 3D PRE,9504
Sag CUBE flair 3D POS,9492
CISS 0.3MM,9320
Cor FSE IR,8900
Sag T1 3D  FAT,8796
CORONAL T2 STIR,8782
AXIAL_CISS_T2_3D,8484
COR_FLAIR_HIP 60 slice,8424
COR_IR HIPOCAMPOS 3mm,8231
SAG FSPGR 3D,8136
COR T2 3mm,7959
cs_SAG FLAIR 3D,7792
ANGIO ARTERIAL,7764
SAF T2 3D,7710
sCOR STIR_3mm INV,7584
sCOR STIR_3mm,7584
T2 FLAIR 3D SPC,7520
SAGITAL T1 FS 3D POS,7264
cs_SAG T1 MSDE BB encefalo,7200
Ax T2,7050
AX PRE,6941
SAG PRE,6762
COR PRE,6720
Sag T1,6628
B_FFE 3D,6560
Ax T1,6554
Axial Gradiente,6235
t2_tse_axial,5912
3D_BrainVIEW_BB_MSDE POS,5890
SAG T1BRAVO POS,5876
SWAN--PARKINSON--,5732
Cor Stir Hipocampo,5305
cs-COR  STIR  HIP,5252
t2_tse_cor,5043
SAG T1 3D cranio,5024
Cor T2,5007
SAGITAL T1 FS 3D PRE,4928
Vcs_T1W_3D_TFE,4920
Sag 3D Flair,4828
SAG 3D SUB.,4816
AXI T1 SE POS Gd,4758
AXIAL T2,4628
VSAG T1 3D TFE GRE,4584
scs-COR  STIR  HIP,4320
SAG 3D FIESTA,4224
Ax 3D FIESTA 1mm,4076
Ax 3D FIESTA-C 0.3mm,3984
Axial T2 FAT SAT,3957
Cor IR HIPOCAMPOS,3738
B_FFE,3735
AXI GRE,3558
COR  STIR  HIP 40 slices CRIANCA,3530
SAG  T1,3486
AXIAL T1  MTC,3398
SAGITAL T1  3D,3248
rSAG T1 3D FS TFE gd,3245
SAG FLAIR 3D,3222
COR_FLAIR_HIP,3196
Calibration,3158
AXIAL T2 SPACE,3152
AX T13D FAT POS,3080
Axial T2,3000
FGATIR_3D ISO NOVO FEV,2968
SAG T2 3D,2928
Sag 3D T1 IR,2920
Trak,2879
SAG  T2 BLADE,2866
REC AXIAL T2,2835
AX T1,2809
rSAG T1 3D TFE GD,2774
sTrak,2760
COR T2 FLAIR,2627
t2_tse_sag,2605
COR STIR,2574
AXIAL T2 FLAIR,2480
AXIAL T1 MT,2456
SAGITAL T1 3D,2432
Axial T1 FSE,2417
DIR_SPACE,2416
COR  T1 BB,2400
AX T1 BB,2400
SAG T1 3D TFE,2316
AXI T1 GD,2265
rSAG T1 3D TSE GD,2264
COR STIR 3mm,2171
PERFUSAO GRE-EPI AGO2013,2160
COR  TI 3D HIPOCAMPO,2084
SAGITAL ANGIO PRE,2080
CISS 0.6MM,2040
LOC,2031
cs_ARTERIAL,1996
cs_PERMEABILIDADE T1,1968
MPR - cs_AXI FLAIR BrainView,1954
SAGITAL ANGIO POS,1824
AXIAL T1 GADOLINIO,1780
AXIAL T1 FAT SAT 2mm,1774
Reconstruçao axial 1x1mm Ob_Ax_S -> I_Average_sp:1.0_th:1.0,1757
cs_T1W_3D_TFE gd,1746
Angio 3D TOF,1708
COR_FLAIR_HIP 60 slice CRIANCA,1699
V3D_Brain_VIEW_T2,1688
ANGIO POS_TT=1.0s_SUB,1648
ANGIO POS_TT=1.0s,1648
SAG BRAVO,1644
Loc COR FIESTA,1640
USAR***COR CUBE FLAIR HEAVY T2 IAC,1624
Axial T1 FSE POS,1615
MultiPlanar Reconstruction (MPR) Ob_Ax_I -> S_Average_sp:5.0_th:,1603
PERFUSAO T2,1600
Sagital  T1 FLAIR,1575
tof_fl3d_tra_p2_multi-slab carotidas,1572
cs_3D_BrainVIEW_BB,1568
SAGITAL ANGIO POS_SUB,1568
SAGITAL T1 3D POS,1568
COR  STIR  HIP,1558
VSAG T2 3D Brain VIEW,1496
CORONAL T2,1472
ANGIO VENOSA,1460
ARTERIAL,1457
FLAIR 3D SPC,1440
Sag T2 Cube  0.8mm,1436
Axial T2 FLAIR,1429
COR T1 FAT SAT 2mm,1410
AXIAL,1404
Sag CUBE flair 3D PRE,1392
SAG BRAVO PRE,1358
SAGITAL TI FS 3D POS,1344
REC COR T2,1322
AXI T1 TFE 3D,1317
OSSO,1290
Cor Stir,1279
AXI T1_SE,1278
MPR - rSAG T1 3D TFE GRE,1272
SAG T1 BRAVO POS CONTRASTE,1264
SAG T1BRAVO PRE CONTRASTE,1264
MultiPlanar Reconstruction (MPR) Ob_Sag_R -> L_Average_sp:5.0_th,1262
angio_fl3d_cor_post_SUB,1248
angio_fl3d_cor_post,1248
angio_fl3d_cor_pre,1248
cs_AXI T1 MTC,1218
Ax 3D FIESTA TRIGEMEO,1208
PERFUSAO_T2,1200
MultiPlanar Reconstruction (MPR) Ob_Cor_A -> P_Average_sp:5.0_th,1192
Sag T1 3D POS  FAT,1184
AXI T1 FILME POS,1176
rec AX,1158
rSAG T1 3D TSE,1132
SAG  3D FIESTA,1112
Vcs_AXI FLAIR,1100
sSUBTRACAO,1094
AXI T2*,1086
PERFUSAO GRE-EPI,1080
Axial T1+MT,1076
REC COR. T2,1067
COR T1 fat MV,1066
AXIAL T1 FS,1063
SAGITAL T2,1062
SAG T1 3D POS+c,1056
AXI T2 FAT,1039
AXIAL T2 SPACE 0.3mm,1016
FLAIR HYDROPS 3D,1008
COR FLAIR,1002
PERFUSAO 15 ml,1000
MPR - SAG T1 3D TFE fs GRE,1000
CORONAL T2 DARK FLUID,984
AX T1_BB_MSDE encefalo,970
ANGIO PRE_TT=1.0s,968
InPhase:COR T1Fat Sat IDEAL,946
FAT:COR T1Fat Sat IDEAL,946
WATER:COR T1Fat Sat IDEAL,946
OutPhase:COR T1Fat Sat IDEAL,946
Axial T1+MT POS,944
PRE-CONTRASTE,927
AXIAL T2 DOIS BLOCOS DORSAL,912
MultiPlanar Reconstruction (MPR) Ob_Ax_S -> I_Average_sp:1.14_th,900
MultiPlanar Reconstruction (MPR) Ob_Cor_A -> P_Average_sp:1.14_t,900
SAG FSPGR 3D PRE,900
VENOSA,900
sAXI T1_SE SUB,892
SAGITAL T1,887
ANGIO VENOSA  POS_TT=1.0s,880
ANGIO VENOSA  PRE_TT=1.0s,880
Ax  T1 2mm Fat pos,874
t2_spc_sag_p2_iso,864
AXIAL VIBE DINAMICO,852
Sag 3D FIESTA,840
PHALCON,840
SAG T1 POS,839
AXI POS,825
Loc AX FIESTA,816
SAG  T2 FSE,812
SAG T1 3D IR,804
SAGITAL ANGIO VENOSA SC_MSUM,800
SAGITAL ANGIO VENOSA SC,800
Angio Arterial 3D TOF,794
AXI T2 FILME,792
COR T2 FILME,792
REC COR  T2,788
AXI T1 MTC,783
Ax T1 MT PRE,771
SAGITAL,768
Vcs_SAG T1 3D TFE,768
REC AX T2,762
CORONAL T2 FAT SAT (3mm),755
LOCALIZADOR,751
AXIAL T2 DOIS BLOCOS DORSAL_COMPOSED,750
LOC SAGITAL_MSUM,744
MultiPlanar Reconstruction (MPR) Ob_Ax_I -> S_Min IP_sp:10.0_th:,736
COR FLAIR HIPOCAMPOS  3mm,735
Technical Key Image,733
Reg - Reg - AX DIFUSAO TSE,732
ABERTURA,730
ABERTURA OSSO,730
"AXIAL FLOW 2D VELOC 10,20_P",722
"AXIAL FLOW 2D VELOC 10,20_MAG",722
REC COR. T1 HIPOCAMPO,721
SAG_VOLUM POS,720
Vcs_AXI FLAIR BrainView,720
ANGIO venosa,720
sANGIO venosa,720
Ax T1 SE,716
O-Ax T2 FLAIR,706
SAG T2 3D ISO,704
AXIAL GRE,698
COR T2_TSE,693
AXIAL T1 POS,687
SAG T1BRAVO  POS,684
AAHead_Scout_MPR_sag,681
SAGITAL STIR,680
rSAG T1 3D TFE PRE,680
FGATIR,680
rSAG T1 3D TFE GRE,680
sSUB,674
Ax T1 MT POS,673
FACE STD,659
OCLUSAO,658
OCLUSAO OSSO,658
AX T2 FSE,643
SAG FLAIR,643
PORTAL,641
AX 3D FIESTA,632
VAX T1_BB_MSDE,630
DIFUSAO 0- 400- 800,625
cs_SAG T1 3D TSE gd,620
PORTAL OSSO,617
AX DIFUSAO metal TSE,612
SAG FSPGR 3D POS,600
Vcs_3D_Brain_VIEW_FLAIR,600
Cor FLAIR T2 3mm,597
Sag 3D flair,596
COR  T1,587
Ax T1 SE PRE,582
cs_T1W_3D_TFEgd,582
AX T2 3D Brain VIEW,580
DINAMICO,573
COR T2 3D Brain VIEW,568
3D_Brain_VIEW_FLAIR,566
SAG T1 3D TFE fs Gado,566
eADC,566
MultiPlanar Reconstruction (MPR) Ob_Sag_R -> L_Average_sp:1.2_th,564
AX T2 FLAIR,560
SUB_S14-S5_1,560
COR T1 HIPO,557
REC AXIAL POS,556
SAG T2,548
3D,544
Cor Dinamico,543
AXIAL T1 FAT POS,541
AXI FLAIR SPIR,538
ANGIO VENOSA  POS_TT=1.0s_SUB,528
MPR - 3D_Brain_VIEW_FLAIR,528
COR  DWI HIPOCAMPO,524
SG B_FFE,524
cs_AXI T1 MTC gd,522
Difusao 2 nex,520
cs_AXI T2 FAT,517
EQUILIBRIO,515
s3D_CAROTIDS,510
AXI DIFUSAO,506
3D_Brain_VIEW_DIR,500
cs_SAG DIR,500
COR T1 FAT POS,500
CORONAL T2 3M,499
ANGIO SEM CONTRASTE TOF_MSUM,496
ANGIO SEM CONTRASTE TOF,496
AAHead_Scout_MPR_tra,492
AAHead_Scout_MPR_cor,492
EQUILIBRIO OSSO,491
SAG T1 3D POS Gd,488
SAG BRAVO POS,486
CORONAL T1,484
Ax  T1 2mm,480
SG B_FFE HIDROCEFALIA,480
DRIVE,480
For Printing,477
AXIAL T2*,477
COR  T1 Fat Sat,470
sSUB MSDE,470
AXIAL T2 FAT 3mm,465
COR T1 GD,456
CORONAL T1 POS,456
Ax  T1,454
AX DIFUSAO TSE,452
AXI T1 MTC GD,450
FIESTA-C,448
AXIAL_T1_TSE,444
SAG T1BRAVO POS GD,440
AXIAL T2 CERVICAL,437
Vcs_rSAG T1 3D TFE,429
Cor T2 Hipocampo 3mm,427
AXI T1 3D TFE,420
COR T1 POS,416
t2_tse_SAG,416
AXIAL T2* CERVICAL,413
AXIT1,412
POS,411
REC COR T1 HIPOCAMPO,409
Ax 3D FIESTA 1.0mm,408
InPhase:AXIAL T1Fat Sat  IDEAL,408
FAT:AXIAL T1Fat Sat  IDEAL,408
WATER:AXIAL T1Fat Sat  IDEAL,408
OutPhase:AXIAL T1Fat Sat  IDEAL,408
COR FLAIR FILME,408
AXI FLAIR FILME,408
AXIAL T2 SPACE 0.5mm,408
Ax  T1 Fat Sat,406
t2_blade_cor_p2,402
VEN_BOLD_HR,400
DWI_TSE METAL,400
ANGIO 3D TOF,400
eANGIO 3D TOF,400
Sag T1 3D PRE FAT POS,392
COR T1 3D POS,392
AXI SWI,390
Sagital_t1_fs-dixon_F,390
vessel_scout_neck_MSUM,390
vessel_scout_neck,390
Sagital_t1_fs-dixon_W,390
Ax 3D FIESTA 1.0 mm,384
SAG T1 3D ISO PRE,384
SAG T2 CUBE,380
COR T2 Fat Sat,374
t2_blade_axial_p2,374
COR  T1 Fat Sat+c,372
localizer_I-III,372
COR DIFUSAO,371
COR T2 TSE  2mm,368
AXI T2 SPIR MV,368
AXI T2 VISTA,368
care_bolus_cor,364
2D_BOLUSTRAK,363
Axial T1,361
"AXIAL FLOW 2D VELOC 10,20",361
Sag T1 3D  FAT POS,360
"AXIAL DIFUSAO MULTI b50,150,1000_TRACEW_DFC_MIX",360
COR FSE T2,360
DWI,360
Cor T1  +c,359
cor_t1_se_,353
SUB_,352
t2_blade_flair_axial_p2,352
SAGITAL T1  3D POS,352
CORONAL T1 FAT SAT (3mm),348
cs_3D_BrainVIEW_T1W,345
cs_3D_BrainVIEW_T1W GD,345
Ax STIR,344
SAGITAL T2 SPACE,344
COR T1 MV,344
AX T1 3D POS,344
COR T1 TSE  2mm,339
AXIAL T1 FAT,337
Sag T1 3D POSFAT,336
REC COR L T2,331
AX T1 VOLUMETRICO 3D,330
cs_COR T1 FAT POS,326
WATER: Ax LAVA FLEX 2mm,324
FSPGR BRAVO POS,324
SAG  T2,323
REC COR POS,323
AX T2 VOLUMETRICO 3D,322
CORONAL T1 POS VIBE_F,320
CORONAL T1 POS VIBE_W,320
SAGITAL CISS 3D,316
care_bolus_sag,313
REC COR. POS,312
AX T2 FAT,309
cs_rSAG T1 3D TFE SPIR,309
SAF T2 FAT 3D,309
sSUB C,309
Axial T1 FAT  +c,308
dadc,306
t1_tse_cor_2mm,305
SAGITAL T1 CERVICAL,305
cs_AXIAL T1 FAT POS,304
AX T1 TFE gd,300
COR  T1 TFE gd,300
AXI FLAIR 3D,300
COR T1 3D POS Gd,300
ARTERIAL OSSO,297
SUB_ax,295
VSAG T1 3D TFE fs GRE,292
COR T1 3mm,291
SAG 3D FIESTA (CRANIO TODO),288
MPR - CS -SAG T1 3D TFE fs GRE,288
t1_mprage_SAG_p2,288
t2_space_da-fl_SAG_p2_iso,288
REC COR- T2,287
TOF_3D_multi-slab(bifurcacao),286
DIFUSAO CRANI,286
AX T1 3D TFE GRE,286
ANGIO VENOSA FLUORO,284
(15033/1001/1)-(15033/1000/1),284
Ph1/ANGIO VENOSA FLUORO,284
Cor DWI,282
REC AX. T2,280
sPHALCON,280
t1_tse_sag_2mm,279
AXI T1 FAT MV,279
localizer,278
SAGITAL T1 DORSAL,277
SAGITAL T2 CERVICAL,275
COR POS,274
AXIAL_T1_TSE_2mm,274
cs_COR FLAIR,270
AXI  T1,268
Ax  T1 Fat Sat+c,267
AXI T1 fat GD,264
COR  T1  PRE TRIGEMEO,262
SAG T1_SE,262
AXIAL_T2_TSE,261
Ax 3D FIESTA 0.6 mm,256
COR STIR TRIGEMEO,255
Axial Stir,254
LOC_AXI_HASTE,253
CARE BOLUS,252
eAXI T1 SPIR POS,252
OSSO C/C,250
FACE STD C/C,250
SAGITAL T2 STIR DORSAL,249
SAG T1 BRAVO  POS,248
MPR - cs_SAG T1 3D TFE GRE,248
SAGITAL T2 STIR CERVICAL,248
SAG T1BRAVO POS CONTRASTE,244
SAG T1 FAT POS,244
AXI T1 3D POS Gd,240
cs-COR T1 HIPO,240
"AXIAL DIFUSAO MULTI b50,150,1000_TRACEW_DFC_MIX_COMP_DIF",237
DIFUSAO-b0_b50_150_1000_RESPIRANDO NORMAL,234
SUB_AX,233
SAGITAL T2 DORSAL,232
cor_t1_se_FAT,230
t2_tse_tra FAT,228
cs_COR T1,228
Cor T1,227
AXT2 TSE  2mm,226
SUB_POS,226
MultiPlanar Reconstruction (MPR) Ob_Cor_A -> P_Average_sp:1.05_t,225
MultiPlanar Reconstruction (MPR) Ob_Ax_S -> I_Average_sp:1.05_th,225
Angio3D_SAG_post_SUB,224
Angio3D_SAG_post,224
Angio3D_sag_pre,224
SAGITAL T2 3D_FIL_1,224
AXIAL T2 DOIS BLOCOS,223
CORONAL T2 Fat,221
AXIT1 POS,220
AXIAL_T1 FAT SAT,216
AXIAL T1 IN OUT,216
T1 3D FSPGR PRE,216
AXT1 3D TFE GRE,216
AX-T1_SPACE_DARK_BLOOD,216
T1 3D FSPGR,212
VAXI T2 3D DRIVE,212
SAG T1 PRE,210
SAG T1BRAVO PRE,208
AXI T1_SE PRE,208
SAG 3D SUBTRACAO,208
SAG _T2_space_p2_iso,208
AxI Stir,206
AXI T1 SE PRE,204
t2_blade_sag_p2,204
REC AXIAL,203
COR T1 FSE,202
REC COR  T1,202
ep2d_diff_b0_50_400_800_1000 PES,200
cs_COR  T2,200
VrSAG T1 3D TFE,200
AXIAL T2 SPACE 0.6mm,200
AX T1 POS,198
DIFUSAO-b0_b50_150_1000_LIVRE,198
t2_tirm_cor,198
ESQUERDO,197
SAG_STIR,196
AXIAL VIBE PRE-GD ABD,196
AXI T1 POS,196
AX FLAIR 3D_Brain_VIEW,196
AXT2 3D Brain VIEW,196
LOC_COR_HASTE,195
AX SE T1 POS,194
cs_AXI T1 BrainView,194
SAG FIESTA,192
COR  DIFUSAO TSE,192
AXI T1 FILME GD,192
SAGITAL T1 FS 3D Pos,192
SAG T1 3D SUB.,192
SAB 3D SUB.,192
SUB_S14-S5_2,192
SAGITAL TI  3D,192
SAG T1 3D  PRE,192
t1_tse_cor_3mm,192
AXIAL T2 DOIS BLOCOS_COMPOSED,190
t2_tse_COR,188
REC COR POS CONTRASTE,187
AXIAL_DP+T2,186
COR T2 FS,185
Sagital_t1_fs-CERVICAL_W,185
Sagital_t1_fs-CERVICAL_F,185
t2_tse_cor_2mm,184
ANG 3DTOF 3 slab ASSET,184
CORONAL SPACE STIR-ORBITAS,184
DIREITO,182
AXIAL DIFUSAO RESOLVE_TRACEW,180
CORONAL  REC,179
COR T1 FAT gd,178
JOGO TODO,177
AXIAL T1 PRE PELVE_F,176
AXIAL POS PELVE_F,176
AXIAL T1 PRE PELVE_W,176
AXIAL T1 PRE PELVE_opp,176
AXIAL POS PELVE_W,176
AXIAL POS PELVE_F_SUB,176
AXIAL POS PELVE_W_SUB,176
AXIAL T1 PRE PELVE_in,176
SAG_T1_1mm POS,176
SAG_1mm cran,176
t1_iso,176
SAG_T1_1mm CRANIO,176
SAG_T1_1mm CR,176
SAG_T1_1mm GADO,176
SUB_S14-S10_1,176
SAG_T1 pos CR,176
AX T1_1mm,176
SAG_T1_CC POS,176
SAG_T1_1mm_S36_ND,176
Ax 3D FIESTA TRONCO ENCE,176
SAGITAL T1 POS FS 3D,176
t2_space_da-fl3_sag_p2_iso,176
Ax T2 FLAIR PROPELLER,173
PRE,173
Sagital_t1_fs-DORSAL_F,172
Sagital_t1_fs-DORSAL_W,172
CAROTIDA ESQUERDA,171
AXIAL REC,171
REC AXIAL T1,171
FSPGR BRAVO,170
REC SAG ESQ.,170
3D DRIVE,170
sVENOSA,170
sARTERIAL,170
sSUBTRACAO DYN 1,170
sSUBTRACAO DYN 2,170
SWAN,168
t1_tse_cor_dinamico_Pos_4 medicoes,168
Ax 3D POS OUVIDOS,168
AXI T1 SE,168
CRANIO,167
REC CORONAL CONTRASTE,167
ep2d_diff_4scan_trace_p2,164
REC CORONAL,163
REC CORONAL  T2,163
REC AX  T2,163
REC AX POS CONTRASTE,163
AXI T1_SE POS,162
t2_tse_sag_2mm,161
CORONAL T1 POS VIBE_W_COMP_AD,160
CORONAL T1 POS VIBE_F_COMP_AD,160
SAGITAL_T2_TSE,160
COLANGIO 3D,160
SAGITAL_T1_TSE,160
SAG FLAIER,160
cs_COR T2_TSE,160
cs_AXIAL T1,160
cs_COR STIR_3mm,160
COR  T2 3D Brain VIEW,160
SAGITAL T1  3D PRE,160
ANGIO VENOSA SEM CONTRASTE_MSUM,160
SAGITAL T1 FS POS 3D,160
ANGIO VENOSA SEM CONTRASTE,160
coronal t1 pos dixon vibe_W,160
coronal t1 pos dixon vibe_F,160
LUNG,158
COR T1 PRE,156
REC AXIAL CONTRASTE,154
COR. T1 HIPOCAMPO,154
sSUB AX,154
sSUB AXI T1 MTC,154
SG 3D FIESTA,152
OUVIDO ESQUERDO,150
sSUB AX MT,150
Vcs_SAG T1 3D TSE,150
eAXI T2 3D DRIVE,150
Cor FSE IR ORBITAS,148
CAROTIDA DIREITA,147
COR  T1 Fat Sat TRIGEMEO,146
COR_T2_HASTE-5mm,146
REC COR.,146
REC AX,146
RE AXIAL T2,146
RE COR  T2,146
Ax  T1 2mm PRE,144
AXIAL T1 FAT SAT Gd (3mm),144
BASILAR,144
Sag 3D Cube FLAIR,144
SAG T1 FAT,144
AXI T1 FS FILME gd,144
t1_tse_fs-dixon_cor_F,144
t1_tse_fs-dixon_cor_W,144
AXIAL T1 GADO,143
AX T1 PRE,142
COR T1 ORBITAS,142
COR T2 FAT ORBITAS,141
RE COR. POS,139
SAGITAL T2 STIR,139
AX SPACE STIR-ORBITAS,138
cs_AXI T1 MTC POS,138
sSUB TARDIO,138
AX PORTAL,138
sSUB PORTAL,138
AX EQUILIBRIO,138
REC AXIAL  T2,137
AXIAL T2 DORSAL,136
SAG T1 BRAVO PRE,136
CORONAL T2 4M,134
AXI,132
COR T2 FAT,130
Cal BrainArray,128
REC COR. TI HIPOCAMPO,128
COR T1 SPIR POS,128
t1_space_sag_p2_iso_0.9mm POS,128
SUB_VESSEL WALL,128
t1_space_sag_p2_iso_0.9mm PRE,128
TORAX,127
COR T2 FrFSE 2.5mm,127
localizer_I-III_COMPOSED,126
COR T1 TSE Dyn,126
ep2d_diff_b0_50_400_800_1000 TESTE,125
SAG FIESTA CSF,124
MultiPlanar Reconstruction (MPR) Ob_Sag_R -> L_Average_sp:1.4_th,124
COR VIBE POS,124
scs_COR STIR,124
rec AX POS,124
AXI T1 SPIR POS,124
AXIAL T1 LOMBAR,124
Sag T1 FAT,123
OUVIDO DIREITO,122
AX FIESTA,121
"AXIAL DIFUSAO MULTI b50,150,1000_ADC_DFC_MIX",120
CORONAL T1 SE TRIGEMEO,120
SAG_NEURO 3D,120
REC COR. HIPOCAMPO,120
COR T1 3D TFE GRE,120
VSAG T1 3D TFE,120
ax,120
SAGITAL FLOW 2D_P,120
SAGITAL FLOW 2D_MAG,120
AXIAL T1 DOIS BLOCO DORSAL,120
t1_space_sag_p2_iso_0.9mm,120
SAGITAL FLOW 2D,120
SAG T2 FrFSE 3mm,117
t2_fl2d_tra_hemo_p2,116
AXIAL T1 COLESTEATOMA,115
Cor T1  2.5mm,114
WATER: Cor LAVA FLEX 2.6mm PESC,112
COR  T1 2mm Fat pos,112
Ax 3D FIESTA 1mm pos,112
Ax 3D FIESTA 1mm pre,112
STIR_SAGITAL,112
sSUB cs_AXI T1 MTC,112
sSUB ARTERIAL,110
AX ARTERIAL,110
rDWI_TSE,110
AXIAL T2 LOMBAR,110
LOC HASTE COM APNEIA,109
WATER: Ax LAVA FLEX 2mm FACE,108
SAG _CISS_T2_3D,108
AXIAL_T2_FAT_SAT_HASTE,108
Ph2/ANGIO CAROTIDA FLUORO,108
ANGIO CAROTIDA FLUORO,108
Ph1/ANGIO CAROTIDA FLUORO,108
sAXI T1 SE PRE SUB,108
CAMBALHOTA,105
SAGITAL T1 LOMBAR,105
AXIAL T1 PRE EVOLUATION VIBE_opp,104
AXIAL T1 PRE EVOLUATION VIBE_F,104
AXIAL T1 PRE EVOLUATION VIBE_W_SEG,104
AXIAL T1 EQUILIBRIO VIBE_W_SUB,104
AXIAL T1 PORTAL VIBE_W,104
AXIAL T1 PORTAL VIBE_F,104
AXIAL T1 EQUILIBRIO VIBE_F,104
AXIAL T1 EQUILIBRIO VIBE_W,104
AXIAL T1 PRE EVOLUATION VIBE_in,104
AXIAL T1 PORTAL VIBE_W_SUB,104
AXIAL T1 PRE EVOLUATION VIBE_W,104
AXIAL T1 PORTAL VIBE_F_SUB,104
AXIAL T1 EQUILIBRIO VIBE_F_SUB,104
SUB_1,104
AXIAL T2 baixo,104
CORONAL,104
AXI T1 SE POS,104
axial t1 art 3 twist_dixon_vibe_TTC=14.1s_SUB,104
axial t1 art 3 twist_dixon_vibe_TTC=10.5s_SUB,104
AXIAL T1 EVALUATION VIBE_opp,104
axial t1 portal dixon vibe_F_SUB,104
axial t1 portal dixon vibe_W_SUB,104
AXIAL T1 EVALUATION VIBE_W,104
axial t1 art 3 twist_dixon_vibe_TTC=14.1s_W,104
axial t1 art 3 twist_dixon_vibe_TTC=17.6s_SUB,104
axial t1 art 3 twist_dixon_vibe_TTC=17.6s_W,104
axial t1 dixon twist pre vibe_TTC=5.2s_W,104
axial t1 portal dixon vibe_W,104
axial t1 equilibrio dixon vibe__SUB,104
axial t1 art 3 twist_dixon_vibe_TTC=10.5s_W,104
axial t1 equilibrio dixon vibe_W,104
AXIAL T1 EVALUATION VIBE_W_SEG,104
axial t1 portal dixon vibe_F,104
AXIAL T1 EVALUATION VIBE_in,104
localizer_haste_dorsal,100
AXIAL T2 alto,100
AXIAL T1 IN OUT 5M,100
sAXI T1 MTC SUB,100
AX  T2 3D Brain VIEW,100
AXI STIR,100
COR_DIFUSAO_HASTE_B1000,99
COR_DIFUSAO_HASTE_B0,99
AXIAL T1_FAT_SAT,98
Sag T1 Fat Sat POS,98
REC LADO ESQUERDO,98
REC LADO DIREITO,98
AXIAL T1 ARTERIAL3 VIBE_TTC=16.9s_W_SUB,96
AXIAL T1 ARTERIAL3 VIBE_TTC=13.5s_W,96
AXIAL T1 ARTERIAL3 VIBE_TTC=13.5s_W_SUB,96
AXIAL T1 ARTERIAL3 VIBE_TTC=10.2s_W,96
AXIAL T1 ARTERIAL3 VIBE_TTC=10.2s_W_SUB,96
AXIAL T1 ARTERIAL3 VIBE_TTC=16.9s_W,96
AXIAL TI ARTERIAL VIBE_TTC=5.2s_W,96
T2 SAGITAL,96
T1  SAGITAL,96
3D Ax FIESTA-C,96
VSAG T1,96
CORT2 3D Brain VIEW,96
COR FLAIR 3D_Brain_VIEW,96
CSF_PCA,96
Reg - rDIFUSAO SENSE,96
AXI T1 TFE,96
SAG T1 TFE,96
COR T1 TFE,96
DWI_TSE,96
eT2W_SPAIR,96
CORONAL T2 STIR (nervo olfatorio),96
Cor T1 Fat Sat,95
AXIAL T1 (3mm),94
SURVEY_M2DI,94
t1_tse_tra_fs_3mm,93
t2_tse_fs_tra_3mm,93
sag_t1_se-FAT,92
SAG_FLAIR 3M,92
SAG Vcs_T1W_3D_TFE,90
t1_tse_dixon_tra_p2_W,90
t1_tse_dixon_tra_p2_F,90
t1_tse_dixon_tra_p2_opp,90
t1_tse_dixon_tra_p2_in,90
AXIAL DIFUSAO RESOLVE_ADC,90
Axial T1 POS,88
cor  DIFUSAO TSE,88
VSAG FLAIR 3D_Brain_VIEW,88
AXI T2 DRIVE,88
Ax  T1 Fat Sat TRIGEMEO,86
AXIAL_T2_HASTE 5mm,86
COR DIFUSAO_TRACEW,85
REC SAG DIREITO,85
REC SAG DIR.,85
Sag T1 FLAIR,84
AXIAL T1 CERVICAL,84
localizer_haste,83
ANGIO_ARTERIAL_TOF_3D_MIP_TRA,83
ANGIO_ARTERIAL_TOF_3D_MIP_SAG,83
ANGIO_ARTERIAL_TOF_3D_MIP_COR,83
AXIAL T2_COMPOSED,80
SAGITAL PRE,80
Ax T2 PROP,80
CORONAL T2 FINO,80
COR DIF HIPOCAMPO,80
COR HIPO_FLAIR,80
REC AXIAL FLAIR,80
T2 3D,80
REC COR. T1,80
scs_COR STIR_3mm INV,80
AXIAL FLOW 2D VELOC 05 10_P,80
AXIAL FLOW 2D VELOC 05 10_MAG,80
"AXIAL DIFUSAO MULTI b50,150,1000_ADC_DFC_MIX_COMP_DIF",79
Ax 3D FIESTA 0.3mm,78
DIFUSAO-b0_b50_150_1000_RESPIRANDO NORMAL_ADC,78
rCOR_T1 TSE,78
t1_tse_tra_3mm,77
PJN:Angio Arterial 3D TOF,76
AXIAL T1 gado,76
CORONAL T2 3m,75
t2_tse_tra,75
COR T1 fat,75
SAGITAL T2 LOMBAR,75
SAGITAL T2 STIR LOMBAR,75
SAGITAL T1 FAT SAT,74
AXIAL T2 CERV,74
cs_AXI T1,74
AXIAL GRE CERV,73
rec AX pos,73
COR T1 FAT ORBITAS_W,73
COR T1 FAT ORBITAS_F,73
SWI_Images_NoNorm,72
SAG CISS SIST.VENTRICULAR,72
AXI  T2 FAT,72
AXIAL_T2_HASTE,72
t2_spc_tra_p2_iso,72
AX CISS 0.3MM,72
COR 3D,72
AX CSF_QF,72
SAG T1 FAT gd,72
eeADC,72
AXI FLAIR FAT,72
MIP - s8_4D_Trak,72
CORONAL T1 SE,72
AX T1 MPR,71
Ax 2DTOF FSPGR,70
Sag T2 Flair 3 mm,70
AX SE T1,70
AX T1 1MM TSE 3D,70
P MOLES,69
VSWI SENSE,69
Ax T2 FS (base cranio),68
Mag_Images_NoNorm,68
COR FINO,68
AXT2,68
AXIAL T1 DOIS BLOCOS-DORSAL,68
AX SWAN LIKE,67
SURVEY,67
COR STIR ÓRBITAS,66
PROP eADC,66
PROP ADC,66
PROP COMB,66
DIFUSAO-b0_b50_150_1000_LIVRE_ADC,66
AX Fluxo quantitativo 5,66
CR,66
AXIAL T1 POS DOIS BLOCOS LOMBAR,66
AXIAL T1 POS DOIS BLOCOS DORSAL,66
COR STIR ORBITAS,65
AXI T1 FAT POS,65
AXIAL T1 LIVERLAB T2* PDFF_W,64
AXIAL T1 LIVERLAB T2* PDFF_FF,64
AXIAL T1 LIVERLAB T2* PDFF_T2s_Eff,64
AXIAL T1 LIVERLAB T2* PDFF_R2s_Eff,64
AXIAL T1 LIVERLAB T2* PDFF_WF,64
AX T2 OUVIDOS,64
AXIAL T1 LIVERLAB T2* PDFF_GoodnessOfFit,64
AXIAL T1 LIVERLAB T2* PDFF_F,64
SUB_art,64
SUB_PORT,64
AXIAL VIBE PELVE,64
SAG SE T1,64
AX T1 ORBITAS,64
vessel_scout,64
localizer_COLUNAS,63
WATER: Ax IDEAL T2 Fat Sat,62
Ax DWI/BASE CRANIO,62
AXIAL T1 POS DOIS BLOCO DORSAL,62
AXIAL T1 DOIS BLOCOS POS,62
AXIAL T1 DORSAL DOIS BLOCOS,62
AXIAL T1-DORSAL DOIS BLOCOSPOS,60
AX DWI B1000,60
t2_tse_AXI,60
SAG T1 VIBE,60
CISS 0.5MM,60
SAG T1 VIBE POS-GD,60
COR 2 3D Brain VIEW,60
_3D_,60
AX 3D Brain VIEW,60
AXI T2  FINO,60
SAG T,60
Vcs_rSAG T1 3D TFE gd,60
COR T1 mDIXON,60
VSAG FLAIR 3D,60
VAX SWI,60
CORONAL T2 STIR HIPOCAMPO,60
COR T1 mDIXON GD,60
AX T1 DORSAL 2 BLOCOS POS,60
t2_tirm_cor_2mm,60
CORONAL T1 DINAMICO,60
VsPHALCON,59
COR  T1 HIPOCAMPO,58
COR_T2_HASTE,58
COR T2 3mm TRIG,58
AXIAL T1 DOIS BLOCOS POS_COMPOSED,58
AXIAL_DIFUSAO_HASTE_B0,57
AXIAL_DIFUSAO_HASTE_B1000,57
t2_space_tra_2mm,56
AXIAL T1 POS DOIS BLOCOS LOMBAR_COMPOSED,56
SAGITAL T1 POS,56
trufi_tra_p2,55
COR DIFUSAO_ADC,55
AXIAL_T1 CC POS,54
sAXI T1_SE,54
sAXI T1_SE PRE,54
COR T1_TFE,54
scs_AXI T1 MTC SUB,54
ep2d_diff_4scan_trace_p2_ADC,54
ep2d_diff_4scan_trace_p2_TRACEW,54
ep2d_diff_4scan_trace_p2_ColFA,54
ep2d_diff_4scan_trace_p2_FA,54
cs_AXI T1 MTC PRE,53
AXT 2,52
Cor STIR,52
AXIAL T1 CR,52
rAXI T2,52
rAXI T1_SE,52
rAXI FLAIR,52
COR T1 TSE BILAT fs gd,52
AXIAL T1 DOIS BLOCO DORSAL_COMPOSED_FILT,52
AXIAL T1 DOIS BLOCO DORSAL_COMPOSED,52
COR T1 SE PRE,51
SAG T1  Fat Sat,51
SAG T2 FS,51
Ax Difusao ouvido,50
COR T2 MPR,50
AXIAL_T2_FAT 5M _SAT_HASTE,50
DIFUSAO 0- 400- 800_TRACEW,50
AXI STIR PES,50
AXIAL T1  FAT PES,50
AXIAL T1 PES,50
AXIAL T2 PES,50
Reformatted,50
SAG T1 RECONS,50
COR HIPO T1 RECONS,50
COR Vcs_T1W_3D_TFE,50
AX T1 RECONS,50
AX Vcs_T1W_3D_TFE,50
SAG 3D,50
sAXI T1_SE PRE SUB,50
sAXI T1 SUB,50
AXI T1 gd,50
sAXI T1 MTC,50
AXE T2,50
VSWI,50
AXI T1 3D TFE GRE,50
fAXI T1_FFE,50
fAXI T2,50
fAXI T1_FFE gd,50
DIFUSAO COR,50
cs_AXI T2 mDIXON,50
AX T2 FINO,49
AXI T1 SE POS GD,49
Sag STIR,48
CORONAL T2 STIR TRIGEMEO,48
SAGITAL T1 GADO,48
SUB_S14-S7_1,48
COR GRE,48
SAG GRE,48
AX  FLAIR 3D_Brain_VIEW,48
COR T2  HIPOC,48
sAXI T1 SE PRE SUBT,48
AX GRE,48
VCOR POS,48
scs_AXI T1 MTC,48
AXI FLAIR BrainView,48
fDIFUSAO,48
Reg - DIFUSAO shs SENSE,48
AXL T1,48
AXI T2 210,48
AXI T2 80,48
AXI T1 fat,48
eAXI T2 160,48
CORONAL T1 DINAMICO_SUB,48
AX T1 FAT ORBITAS,48
COR T2 ORBITAS,48
AXIAL T1-DORSAL DOIS BLOCOSPOS_COMPOSED_FILT,47
AXIAL T1-DORSAL DOIS BLOCOSPOS_COMPOSED,47
COR  T1  POS TRIGEMEO,46
AXIAL FLAIR BLADE,46
Cor Stir ORBITAS,46
Axi T1,46
rCOR_T1 TSE SPIR,46
SAGITAL T1-COLUNA-FAT-POS,45
CORONAL T2_COMP_AD,45
COR  T1 HIPO,45
FIESTA,45
3-pl T2* FGRE-XL,45
Axial_T1,45
Ax T1 POS,44
COR VIBE PRE-GD ABD,44
AXI  T2 SPACE,44
SAG_T1_FAT_SAT,44
Ax T1 PRE,44
Ax T1 SE+C FINO FP,44
COR  T1 GD,44
scs_COR STIR 1,44
SAGITAL T1 CERVICAL_COMP_SP_3,44
ANGIO ARTERIAL_MIP_TRA,44
ANGIO ARTERIAL_MIP_COR,44
ANGIO ARTERIAL_MIP_SAG,44
Ax T2 FSE,43
AXI T2*GRE,43
t1_tse_cor_dinamico_PRE,43
Sag T1 SE,42
LOC.TORC.3PLANOS,42
AXIAL_STIR,42
COR_T2_TSE,42
AXIAL T1 FS PELVE-POS,42
COR T1 FAT,42
SAGITAL CUBE,41
AXIAL  T2,41
Loc AXI FIESTA,40
COR  T1 Fat Sat+c ORB,40
COR STIR ORB,40
P_localizer_haste_COMPOSED_1,40
SAGITAL_T2_SPACE,40
cor_t1_se,40
AX t2_blade,40
ep2d_diff_b0_50_400_800_1000 PES_ADC,40
AXI _IR  3mm,40
SAG DP- BC ABERTA,40
SAG T1 GADO,40
AXIAL T1 FS PELVE,40
AXIAL T2 FAT SAT PELVE,40
Ax T1 SE+C FAT,40
COR T1 FSE POS,40
Difusao hipocampo,40
AXI_T2,40
Vcs_AX T1 3D TFE,40
COR T1W_3D_TFE,40
VrSAG T1 3D TSE,40
AX VSWIp_fast,40
COR SAG Vcs_T1W_3D_TFE,40
AX FLAIR Vcs_AXI FLAIR,40
Vcs_AXI T2 3D DRIVE,40
VSAG T1 3D TFE fs Gado,40
VmMIP SWI HR,40
AX  T1 MT PRE,40
AX  T1 MT POS,40
nNIrcbv,40
SG T1,40
SAGI,40
COR T1 fat GD,40
COR T1 HIPOCAMPO,40
sB1000,40
REC COR,40
AX T2 REC,40
scs_COR STIR STIR,40
nNICRBV,40
SAG _Brain_VIEW_T2,40
AX T1W_3D_TFE,40
SAG T1W_3D_TFE,40
VSG B_FFE,40
REC COR T1,40
EC COR. T1 HIPOCAMPO,40
VAX FLAIR 3D_Brain_VIEW,40
REC AX OUVIDOS,40
COR T2 REC,40
AXI FLAIR REC,40
nNICBV,40
nNIrCBV,40
VAXI T1 TFE 3D,40
FLAIR_MV,40
sCOR  STIR  HIP 40 slices,40
rAXI_T1 TSE SPIR,40
AXIAL T2  LOMBAR,40
AXIAL FLOW 2D VELOC 05 10,40
SAG T1-GADO,38
Cor Stir HIPOCAMPO,38
AXIAL_T1_FAT_SAT,37
cs_SAG T1,37
LOC COLUNAS,37
CORONAL SPACE FACE,36
AXIAL T2 DORSAL_FIL_1,36
AXIAL T2 DORSAL_FIL_2,36
AX SPACE STIR,36
AXIAL T1 TSE PELVE,36
AXIAL_CISS_T2_3D POS,36
AX SPACE STIR-FACE,36
MPR - cs_SAG FLAIR 3D_Brain_VIEW,36
Vcs_ARTERIAL,36
SAG T1  gd,36
svs_se_30,36
AX T2 tx baixo,35
AX T2 tx alto,35
cs_SAG T2,35
cs_AXI STIR,35
sB800,35
SAG STIR,35
COR T2 TSE,34
AXIAL_T2 FINO,34
AX t2 cc,34
CORONAL STIR,34
COR T1 3MM,34
Cor T1 3 MM +C,34
COR T2 Fat 3MM,34
Ph4/DINAMICO,33
Ph1/DINAMICO,33
Ph2/DINAMICO,33
Ph3/DINAMICO,33
AX Fluxo quantitativo 10,33
AX Fluxo quantitativo 15,33
LADO DIREITO,33
LADO ESQUERDO,33
Ax T2 DORSAL INF,32
SAGITAL T2-COLUNA,32
Ax T1 FAT+C DORSAL INF,32
ALTA RES.,32
AX GRE cc,32
COR_T2_FINO,32
T1  SAGITAL GADO,32
OUV,32
Vs3D_PCA_AVM,32
AXI T1 MV,32
AXI T1 fat MV,32
VANGIO 3D FH,32
VANGIO 3D RL,32
AX T2 FA ORBITAS,32
AXIAL T1 POS OUVIDOS,32
LOC SAGITAL_MSUM_MIP_SAG,31
LOC SAGITAL_MSUM_MIP_COR,31
COR  T1  PRE,30
Cor T2 FSE FINO,30
SAGITAL T2 STIR-COLUNA,30
SAGITAL T1-COLUNA,30
A_localizer_haste,30
P_localizer_haste,30
COR T1 FAT SAT 3mm,30
COR 3mm,30
COR T2 3M,30
SUB_S13-S5_1,30
SUB_S20-S11_1,30
AXIAL_T1_GADO  lombar,30
COR 3MM,30
CORONAL T2 BLADE PELVE,30
COR T1 FAT SAT 3mm TRIG,30
AX_T2_cls,30
CORONAL T2 3MM,30
AX_T1_ cls,30
COR  T2 BLADE,30
CORONAL 3MM,30
COR fino,30
SUB ART,30
T2 GRA 3MM,30
CORONAL T2 3,30
AXIAL_T1_TSE lombar,30
T1 COR 3mm TRIG,30
COR T1 SE+C,30
SAG T1+MT POS,30
CORONAL T1 FSE,30
MIP - cs_ARTERIAL,30
Axial T2 NV,30
2D MERGE NV,30
Vcs_SAG T2 3D Brain VIEW,30
TESTE SOBREPOSICAOsB 1000,30
TESTE SOBREPOSICAOAXI T1_SE GD,30
sCOR T1,30
sCOR T1 FS,30
cs-COR  STIR,30
sCOR  STIR,30
COR T1 FAT POS_W,30
AX T1 FAT POS,30
AXIAL T1 CERVICAL POS,30
SAGITAL STIR CERVICAL,30
SUB_DORSAL B1,30
t1_tse_dixon_tra_p2 pos_W,30
AXIAL T1 FAT CERVICAL,30
SUB_DORSAL B 2,30
sCOR T1 GD,30
SAGITAL T1 FS POS GD,30
AXIAL T2*CERVICAL,30
AX T1 CERVICAL SUB.,30
AXIAL T1 DOIS BLOCO DORSAL_FIL_2,30
AXIAL T1 CERVICAL_FIL_1,30
sCOR T1 FS GD,30
t1_tse_dixon_tra_p2 pos_opp,30
SUB_AX CERVICAL,30
t1_tse_dixon_tra_p2 pos_in,30
AXIAL T1 DOIS BLOCO DORSAL_FIL_1,30
SUB_DORSAL BLOCO 1,30
CORT2,30
t1_tse_dixon_tra_p2 pos_F,30
COR T1 FAT POS_F,30
Ax T1 FS+C LOMBAR,29
Ax T2 FRFSE,29
CareBolus_sag,29
AXIAL T1 FS CERVICAL,29
Ax T2 DORSAL SUP,28
Ax T1 FAT+C DORSAL SUP,28
COR  T1 2mm,28
COR T1 3mm FAT POS,28
CORONAL T2 3mm,28
LOC HASTE PELVE,28
COR T2 FSE 3mm,28
SAGITAL T2 STIR CERVICAL_COMP_SP_4,28
SAG T1 SE,28
AX FLAIR SUB.,28
SAGITAL T2 CERVICAL_COMP_SP_2,28
AX T2 PROPELLER,27
BAS,27
SAG T1 GADOLINIO,27
cs_AXI FLAIR GADO,27
COR  T1  POS  TRIGEMEO,26
Ax T1 SE POS 60 MIM,26
COR T1 SE POS,26
Ax T1 SE POS (REPOSICIONAMENTO,26
Ax T1 SE POS 5MIN,26
Ax T1 +C,26
Cor STIR FACE,26
CORONAL T1 FAT PES,26
AXIAL T1POS,26
flash_10 - 20_axia -through-plane_MAG,26
CORONAL STIR PES,26
CORONAL T1 PES,26
flash_10 - 20_axia -through-plane_P,26
InPhase:AX T1 IDEAL POS,26
WATER:AX T1 IDEAL POS,26
AX  DWI,26
FAT:AX T1 IDEAL POS,26
OutPhase:AX T1 IDEAL POS,26
AX t1 mDIXON,26
cs_AXI T1 GD FAT,26
MobiView COR T1 TSE BILAT,26
DIFUSAO 0- 400- 800_ADC,25
LOCALIZADOR VASOS_MIP_SAG,25
SUB_S12-S4_1,25
AXIAL T1 PRE,25
t2_tirm_dark-fluid_tra_p2,25
SUB_S12-S5_1,25
AX T1 cra,25
AXIAL T1 fat,25
SUB_S,25
SAG BLAD T2,25
SAG_FLAIR 4M,25
care_bolus_cor_SUB,25
ep2d_diff_b0_50_400_800_1000 TESTE_ADC,25
AXIAL T1 FACE,25
SUB_S14-S12_1,25
CORONAL T2 3.5 M,25
AXIAL T1pos CR,25
COR HIPO,25
COR TI HIPO,25
fAXI T2 FFE,25
COR T1 HIP,25
cs_SAG T1 GD,25
AAX T1,25
cs_COR T1 GD,25
fAXI FLAIR,25
cs-AX  STIR,25
Ax t1,25
scs_AXI T2 fs,25
scs_AXI T2,25
AXI B-FFE,25
cs_SAG DP,25
sSUB AXI T1,25
sSUB SAG T1,25
eT2W_TSE 100mm,25
cs_AX T2 cerv,25
cs_rAXI mFFE,25
cs_SAG DP SPAIR,25
eSAG DP SPAIR,25
cor t2,25
axial t2,25
localizer_COLUNAS_COMPOSED,25
Ax T2 FS(BASE DO CRANIO),24
Ax T1 FS POS (BASE DO CRANIO),24
Sag T1 PRE,24
Sag T1 POS GD,24
Cor T2 PROPELLER,24
Ax T1 DORSAL SUP+C,24
AXIAL_T2_LOMBAR,24
AXIAL T1 CRANI,24
CORT1 SE+C FAT,24
AXIAL_FLAIR_S5_ND,24
flash_10_axi_through-plane_MAG,24
SUB_sub,24
AXI T1 gado,24
flash_10_axi_through-plane_P,24
SUB_S14-S4_1,24
AXIAL T2 GRAD CRAN,24
AX  T2 BLADE,24
AXIAL T2 CRANI,24
t2_ep2d_tra_p2,24
AXIAL T1 pos,24
cor  T1,24
AXIAL_FLAIR CRANI,24
DIREITA,24
AXI T2 FLAIR FINO,24
Axial T2  FINO,24
AX FSE T2,24
COR T2 HIPO,24
WATER:SAG T1 IDEAL POS,24
OutPhase:SAG T1 IDEAL POS,24
Cor T2 ORBITAS 3mm,24
FAT:SAG T1 IDEAL POS,24
T2* AX GRE,24
REF T1 PERFUSAO,24
Cor T1 FINO FAT POS,24
InPhase:SAG T1 IDEAL POS,24
Ax T1 SE +C,24
ANGIO RL,24
ANGIO FH,24
fSAG T1_FFE,24
SAG  T1 CONT,24
fSAG T1_FFE gd,24
SAG  T1 CONTRASTE,24
AX T2_MV,24
COR T1 CONTRASTE,24
VsANGIO venosa,24
cs_AXI PD_SPAIR,24
AXI T2_TSE,24
CEREBRAIS,24
FOTO PORTAL,24
COR T2 fat orbitas,24
SAGITAL T1 SE,24
SAG  T1 POS,24
AX T1 CERVICAL POS,24
CORONAL T2 FS DIXON_F,24
SUB_S15-S8_1,24
SAG  T2 FS DIXON_F,24
CORONAL T2 FS DIXON_W,24
SAG  T2 FS DIXON_W,24
CORONAL T2 FS DIXON_in,24
CORONAL T2 FS DIXON_opp,24
SAG  T2 FS DIXON_in,24
AXIAL T1 POS CERVICAL,24
SAG  T2 FS DIXON_opp,24
COR T2 DORSAL,24
COR T2 FA ORBITAS,24
Ax T1 FS+C CERVICAL,23
Ax 2D MERGE,23
LOC_COR HASTE,23
AX T1 3mm FAT POS,23
AX T1 3mm,23
SUB_S10-S4_1,23
COR_T1_IR HIP,23
Cine Sagital,23
sCOR  STIR  HIP,23
SUB_S7-C0_1,23
svs_se_135,23
SUB_S14-C0_1,23
WATER: Ax IDEAL T2 Fat Sat FACE,22
Ax T1 DORSAL INF+C,22
Ax  T1  TRIGEMEO,22
Sag T1 SE POS,22
COR  T1 Fat SaT ÓRBITAS,22
COR T1 SE,22
Cor T2 FS,22
COR  T1 Fat Sat+ ÓRBITAS,22
COR T2 3mm_S6_ND,22
COR _STIR,22
AXIAL T1-GADO,22
DIFUSAO CRANI_ADC,22
SUB_S15-S2_1,22
DIFUSAO CRANI_TRACEW,22
AXIAL_FLAIR fast,22
AXIAL T1  MTC GD,22
SUB_S15-S13_1,22
localizer_haste_cervical,22
SUB_ART,22
SUB_S11-S4_1,22
CORT1 FAT,22
Cor T1  FINO,22
Cor T1 FAT FINO POS,22
Ax T1 POS TARDIO,22
AX SE T1POS,22
SAG T1 GD,22
COR DWI,22
--LOC TORACICA--,21
SAGITAL POS,21
Processed ImagesSS,21
AX T2 FIESTA,21
GADOLINIO,21
LOCALIZADOR CORONAL,21
flash_10_sag_in-plane,21
flash_10_sag_in-plane_P,21
flash_10_sag_in-plane_MAG,21
AX GRA,21
AX GRADIENTE,21
AX T2 Fat,21
sag t1,21
AXIAL FLAIR,21
Ax T1 SE SAG,21
AX T1 GADOLINIO,21
COR  T1 FS POS GD ORBITAS,20
Ax STIR ÓRBITAS,20
Sag T1 POS,20
COR T2 FLAIR HIPOCAMPO,20
Sag T1POS,20
COR  T1 ORBITAS,20
COR  T1 FS,20
Ax  T1 1mm,20
Ax  T2 FSE,20
AXIAL PRE,20
Ax T1 SE Pre,20
SAG T1 MPR,20
Ax  T1 Fat Sat+c ORB,20
COR  T1 ORB,20
Ax STIR ORB,20
Ax  T1  ORB,20
COR _FLAIR 3M,20
SAG T1 gado fat,20
SAG T2 FAT 3mm BC FECHADA,20
t2_tse_COR_S24_ND_S26_DIS3D,20
AXI  T2 3mm,20
t2_tse_AXI_S16_ND,20
SAG_T1 - BC FECHADA,20
COLANGIO HASTE RADIAL,20
SAG T2 TSE,20
COR T1_TSE,20
SAG _FLAIR,20
AXT2 TSE,20
SUB_Sag,20
SAG DP - BC FECHADA,20
cor_t1_se_FAT FACE,20
t2_tse_COR_S24_ND,20
SUB_S13-S7_1,20
t1_se_sag,20
AXI _IR HIPOCAMPOS 3mm,20
t2_tse_SAG_S29_ND,20
t2_tse_AXI_S22_ND,20
t2_tse_SAG_S21_ND,20
t2_tse_COR_S15_ND,20
SAG T1 FILME,20
AX T2 FILME,20
AX T1 FILME,20
Axial T2 Fino,20
Ax T1 Flair,20
Axial T1 FAT FSE POS,20
Sag FSE T2,20
Ax T1 FS,20
Ax T1 SE+POS TARDIO,20
Cor IR HIPOCAMPO,20
SG T1 SE+C,20
Ax T1 SE + C,20
GRADIENTE,20
AX DWI,20
AX T1 SE,20
Ax T2  FAT SAT,20
REC SAG,20
T1 AXIAL,20
VAX SWI HR mMIP,20
Vcs_AXI STIR,20
VAXI T1 TFE,20
SAG t1,20
AXIAL  POS,20
Vcs_SAG FLAIR 3D,20
SAG  POS,20
SAG T2 AQUEDUTO,20
eeCOR DP SPAIR,20
SURVEY_BFFE,20
cs_COR DP SPAIR,20
PBP_PERFUSAO_T2,20
RELMTT_LOCAL_PERFUSAO_T2,20
t1_tse_fs-dixon_cor ORBITAS_F,20
t1_tse_fs-dixon_cor ORBITAS_W,20
SAGITAL T2 FAT,20
SAGITAL CISS 3D DIR.,20
AXIAL T1 POS OUVIDO,20
CORONAL T1 POS OUVIDO,20
RELCCBV_LOCAL_PERFUSAO_T2,20
SAGITAL T1 FAT,20
TTP_PERFUSAO_T2,20
t2_CORONAL_flair_axial_p2,20
AXIAL T1 OUVIDO,20
t2_blade_flair_CORONAl_p2,20
RELCBF_LOCAL_PERFUSAO_T2,20
SAGITAL CISS 3D ESQ.,20
RELCBV_LOCAL_PERFUSAO_T2,20
AX FIESTA REFORMAT,19
LOC_COR _HASTE,19
COR  T1 FS POS,18
AXIAL_T2_TSE LOMBAR,18
_ART,18
4 VASOS,18
Venosa,18
ESQUERDA,18
AXI T2 fat,18
COR T2 FLAIR 3mm,17
ANGIO POS_SUB_MIP_COR,17
ANGIO POS_SUB_MIP_SAG,17
COR T2 FINO,16
Ax  T1 2mm OUVIDOS,16
Axial t1 MT NEUROMELANINA,16
Ax  T1 2mm POS,16
Ax  T1 2mm Fat,16
Ax  T1 ORBITAS,16
AX T1 MT FAT NEUROMELANINA,16
COR  T1 FAT,16
STIR_SAG cls,16
AXT2 TSE  3mm,16
T2 SAG tx,16
STIR_SAG tx,16
T1  FAT SAG tx,16
T2 SAG cls,16
T1  SAGITAL GD TR,16
AXIAL T1 FAT SAT 3 mm,16
T1 FAT SAG cls,16
T1  SAG cls,16
AXT2 TSE  2.8mm TRIG,16
T1  SAGITAL DORSAL POS,16
COR _T1_BILATERAL FECHADA,16
T1  SAG tx,16
AXIAL T1 3mm TRIG,16
t2_tse_COR_S32_ND,16
Axial T1 FAT POS,16
Axial T1 FAT PRE,16
Ax DWI PROPELLER CAI,16
Axial T1 FS PRE,16
AXI T2  DRIVE,16
AX T2 FAT ORBITAS,16
Axial_T1 FS,16
Coronal_T1 FS,16
cs_AX STIR,16
AX T2 ORBITAS,16
csi_se_135,16
SAGITAL T2 STIR-COLUNA_COMP_SP,15
SAGITAL T1-COLUNA_COMP_SP,15
SAGITAL T2 STIR-COLUNA_COMP_SP_FILT,15
SAGITAL T1-COLUNA_COMP_SP_FILT,15
COR T1  2mm pos,15
AXIAL T1 FINO,15
SAG STIR CC,15
LOC DIREITO,15
SAG T1 CC,15
COR FLAIR   3mm,15
AXIAL T1  2mm pos,15
AXIAL T1 OUV,15
T2 SAG CC,15
AXIAL T1 OUVIDOS,15
AX T1 FAT+C,15
COR T1 FAT+C,15
Cor T2 FAT,15
loc,15
SURVEY_SAG,15
SURVEY 3 PLANOS,15
SAGITAL T1 CERVICAL POS,15
SAGITAL T1 DORSAL POS,15
vessel_scout_neck_MSUM_MIP_COR,15
Sagital_t1_fs-LOMBAR_W,15
Sagital_t1_fs-LOMBAR_F,15
VB_FFE 3D,15
vessel_scout_neck_MSUM_MIP_SAG,15
SAGITAL T1 POS CERVICAL,15
SAGITAL T1-COLUNA-FAT-POS_COMP_SP_FILT,14
SAGITAL T1-COLUNA-FAT-POS_COMP_SP,14
SAG T1 FAT CC,14
SURVEY_PCA,14
AX  FSE IR ORBITAS,14
LOC COLUNAS_COMPOSED,14
flash_10 - 20_axia -through-plane,13
FAT: Sag T1 IDEAL Fat Sat,12
Sag T2 FRFSE LOMBAR,12
Sag T2 Fat Sat LOMBAR,12
Sag T2 STIR,12
Sag T2 FRFSE,12
Sag STIR DORSAL,12
InPhase: Sag T1 IDEAL Fat Sat,12
Sag T2 DORSAL,12
Ax  T1 POS,12
Sag T1 FSE C+ FS,12
WATER: Sag T1 IDEAL Fat Sat,12
Sag T1 FS+C CERVICAL,12
Sag T1 DORSAL FS+C,12
Sag T1 DORSAL,12
Ax  T1 3mm Fat,12
Sag T1 FS+C LOMBAR,12
Sag T1 FAT+C CERVICAL,12
COR  T1 POS GD,12
Ax  T1 2mm Fat pos OUVIDOS,12
Sag T1 DORSAL+C,12
COR  T1 3mm Fat pos,12
Sag T1 FSE,12
SAG T1 POS GD,12
Sag T1 FSE LOMBAR,12
OutPhase: Sag T1 IDEAL Fat Sat,12
Ax  T1 FS POS GD ORBITAS,12
Ax STIR ORBITAS,12
COR T1 GADO,12
SAGITAL T2_FIL_1,12
SUB_pos,12
SAGITAL T2 CERV,12
SAG T1 cc fat,12
SUB AX,12
flash_10_axi_through-plane,12
SAGITAL T1 GD CERV,12
COR T1  2mm,12
gre_12ec_liver( figado),12
SAGI T1 cerv,12
SAGITAL T1 CC POS,12
SAGITAL dinamico,12
Sagital T1 fat +C,12
Sagital STIR NV,12
Sagital T2 NV,12
Sagital T1 Flair NV,12
MIP - ARTERIAL.,12
MPR - SAG T1 3D TFE,12
MIP - ANGIO VENOSA,12
VERTEBRO BASILAR,12
cs_SAG STIR,12
LOC. DORSAL,11
LOC. CERVICAL,11
LOCALIZADOR CERVICAL,11
angio_fl3d_cor_post_SUB_MIP_COR,11
SUB_S14-S9_1,10
AXT2 LOC,10
cs_AXI T2 LOC,10
(11182/904/1)-(11182/900/1),9
(11182/902/1)-(11182/900/1),9
(11182/901/1)-(11182/900/1),9
(11182/903/1)-(11182/900/1),9
LOC_,9
LOC COR,9
LOC ORBITAS AX,9
cs_LCA,9
MIP - PHALCON,9
localizer_I-III_COMP_SP,9
SURVEY_FullFOV_Transversal,7
(16755/803/1)-(16755/800/1),6
(16755/802/1)-(16755/800/1),6
(16753/803/1)-(16753/800/1),6
(16755/804/1)-(16755/800/1),6
(16755/801/1)-(16755/800/1),6
(18025/1101/1)-(18025/1100/1),6
(16753/802/1)-(16753/800/1),6
(16753/804/1)-(16753/800/1),6
(16753/801/1)-(16753/800/1),6
(18025/1103/1)-(18025/1100/1),6
(16352/904/1)-(16352/900/1),6
(16352/901/1)-(16352/900/1),6
(16352/903/1)-(16352/900/1),6
(16352/902/1)-(16352/900/1),6
(18025/1104/1)-(18025/1100/1),6
(18025/1102/1)-(18025/1100/1),6
SAG T2 LOC,6
MIP - s3D_PCA_AVM,6
MIP - s3DI_MC,6
SURVEY axial,6
SG,6
MIP - ANGIO venosa,6
SAGITAL ANGIO POS_SUB_MIP_COR,6
SAGITAL ANGIO POS_SUB_MIP_TRA,6
SAGITAL ANGIO POS_SUB_MIP_SAG,6
SUB_S8-S6_1,5
SUB_S9-S6_1,5
SUB_S10-S6_1,5
SUB_S7-S6_1,5
Sag 2D PC,5
MobiView SURVEY_SAG_Total,5
tof_fl3d_tra_p2_multi-slab carotidas_MIP_TRA,5
SAGITAL ANGIO VENOSA SC_MSUM_MIP_TRA,5
tof_fl3d_tra_p2_multi-slab carotidas_MIP_SAG,5
SAGITAL ANGIO VENOSA SC_MSUM_MIP_SAG,5
tof_fl3d_tra_p2_multi-slab carotidas_MIP_COR,5
SAGITAL ANGIO VENOSA SC_MSUM_MIP_COR,5
ANGIO SEM CONTRASTE TOF_MSUM_MIP_SAG,4
MPR - rSAG T1 3D TSE GD,4
PROBE-SV 35,3
cor T2 BLADE,3
ANGIO VENOSA  POS_SUB_MIP_TRA,3
TOF_3D_multi-slab(bifurcacao)_MIP_SAG,3
TOF_3D_multi-slab(bifurcacao)_MIP_COR,3
ANGIO VENOSA  POS_SUB_MIP_COR,3
ANGIO VENOSA  POS_SUB_MIP_SAG,3
Cor 2D PC,3
AXIAL T1 PRE EVOLUATION VIBE_Report,2
AXIAL T1 LIVERLAB T2* PDFF_Report,2
s2D_PRESS_144_100155.813,2
PERFUSAO T2_101757.963,2
s2D_PRESS_144_100623.712,2
s2D_PRESS_144_113734.671,2
COR T2 HIP,2
s2D_PRESS_144_100526.245,2
s2D_PRESS_144_113531.772,2
cs_PERMEABILIDADE T1_103000.010,2
AXIAL T1 EVALUATION VIBE_Report,2
locator,1
SCOUT,1
COLANGIO 3D_MIP_COR,1
SPECTRO SV 144,1
ScreenCapture_183618.959,1
ScreenCapture_194112.706,1
MV_3D ECHO LONG_131358.466,1
SV_ECHO CURTO_130658.174,1
SV_PRESS_270_130610.181,1
ScreenCapture_183509.775,1
MV_3D ECHO LONG_131324.636,1
MV_3D ECHO LONG_131342.490,1
SV_ECHO LONG_130537.402,1
SV_ECHO CURTO_123646.455,1
SV_ECHO LONG_130724.702,1
SV_PRESS_270_130752.232,1
MV_3D ECHO LONG_131418.525,1
Angio3D_SAG_post_SUB_MIP_COR,1
ANGIO VENOSA SEM CONTRASTE_MSUM_MIP_TRA,1
vessel_scout_MIP_SAG,1
ANGIO VENOSA SEM CONTRASTE_MSUM_MIP_SAG,1
GBP_PERFUSAO_T2,1
ANGIO VENOSA SEM CONTRASTE_MSUM_MIP_COR,1